Pasillo,Lado,Categoría,Categoría coloquial (PR),Marca,Área en la góndola,Ubicación según entrada principal,Ubicación según entrada trasera
1A,A,Cubos y envases plásticos,"Cubos, palanganas",Genéricos,Principio,Lado izquierdo al frente,Lado derecho al final
1A,A,Escobas y mapos,Palos de escoba y mapos,Casa Limpia,Principio,Lado izquierdo al frente,Lado derecho al final
1A,A,Palos de escoba,Palos de escoba,Variedad,Principio,Lado izquierdo al frente,Lado derecho al final
1A,A,Trapeadores y paños,Mapos y toallas de piso,Scotch Brite,Principio,Lado izquierdo al frente,Lado derecho al final
1A,A,Servilletas,Servilletas,Bounty,Medio,Lado izquierdo al frente,Lado derecho al final
1A,A,Cubiertos desechables,Tenedores y cucharas plásticas,Diamond,Medio,Lado izquierdo al frente,Lado derecho al final
1A,A,Cubiertos desechables,Tenedores y cucharas plásticas,Elita,Medio,Lado izquierdo al frente,Lado derecho al final
1A,A,Platos y vasos desechables,Platos plásticos,Elita,Medio,Lado izquierdo al frente,Lado derecho al final
1A,A,Papel de aluminio y envolturas,"Aluminio, wraps",Reynolds,Final,Lado izquierdo al frente,Lado derecho al final
1A,A,Papel de aluminio y envolturas,"Aluminio, wraps",Glad,Final,Lado izquierdo al frente,Lado derecho al final
1A,A,Papel de aluminio y envolturas,"Aluminio, wraps",Diamond,Final,Lado izquierdo al frente,Lado derecho al final
1A,A,Bolsas plásticas,Bolsas de basura,Hefty,Final,Lado izquierdo al frente,Lado derecho al final
1A,A,Bolsas plásticas,Bolsas de basura,Glad,Final,Lado izquierdo al frente,Lado derecho al final
,,,,,,,
,,,,,,,
,,,,,,,
,,,,,,,
,,,,,,,
1B,B,Aromatizantes en spray,Spray pa’ ambientar,Air Wick,Principio,Lado derecho al frente,Lado izquierdo al final
1B,B,Aromatizantes en spray,Spray Glade,Glade,Principio,Lado derecho al frente,Lado izquierdo al final
1B,B,Aromatizantes sólidos o en gel,Potes de olores,Renuzit,Principio,Lado derecho al frente,Lado izquierdo al final
1B,B,Aromatizantes en spray,Spray Febreze,Febreze,Principio,Lado derecho al frente,Lado izquierdo al final
1B,B,Aromatizantes en spray premium,Spray botánico,Botanica,Principio,Lado derecho al frente,Lado izquierdo al final
1B,B,Aromatizantes en spray económicos,Spray barato pa’ que huela,Brite,Principio,Lado derecho al frente,Lado izquierdo al final
1B,B,Aromatizantes en spray económicos,Spray económico,Homebright,Principio,Lado derecho al frente,Lado izquierdo al final
1B,B,Aromatizantes líquidos para baño,Colonia pa’l baño / Poett,Poett,Principio,Lado derecho al frente,Lado izquierdo al final
1B,B,Popurrí y sachets aromáticos,Popurrí,Genéricos,Principio,Lado derecho al frente,Lado izquierdo al final
1B,B,Limpiadores multiusos líquidos,Mistolín / pa’ fregar,Mistolin,Medio,Lado derecho al frente,Lado izquierdo al final
1B,B,Limpiadores multiusos líquidos,Fabuloso,Fabuloso,Medio,Lado derecho al frente,Lado izquierdo al final
1B,B,Desinfectantes líquidos,Lysol líquido,Lysol,Medio,Lado derecho al frente,Lado izquierdo al final
1B,B,Desinfectantes en spray,Spray Lysol,Lysol,Medio,Lado derecho al frente,Lado izquierdo al final
1B,B,Limpiadores con cloro,Cloro,Clorox,Medio,Lado derecho al frente,Lado izquierdo al final
1B,B,Limpiadores de baño / inodoros,Líquido pa’l baño,Harpic,Medio,Lado derecho al frente,Lado izquierdo al final
1B,B,Limpiadores de baño / inodoros,Pa’ limpiar el inodoro,Clorox,Medio,Lado derecho al frente,Lado izquierdo al final
1B,B,Limpiadores de baño / inodoros,Pa’ limpiar el inodoro,Toilet Duck,Final,Lado derecho al frente,Lado izquierdo al final
1B,B,Limpiadores de baño / inodoros,Líquido pa’l baño,Toilet Bowl Cleaner (Genérico),Final,Lado derecho al frente,Lado izquierdo al final
1B,B,Limpiadores en crema,Crema pa’ fregar,Soft Scrub,Final,Lado derecho al frente,Lado izquierdo al final
1B,B,Limpiadores multiusos,Mr. Clean / Pa’ limpiar todo,Mr. Clean,Final,Lado derecho al frente,Lado izquierdo al final
1B,B,Limpiadores con cloro,Cloro económico,Suavitel Cloro,Final,Lado derecho al frente,Lado izquierdo al final
1B,B,Limpiadores de cocina,Pa’ limpiar grasa,Cleansing Foam,Final,Lado derecho al frente,Lado izquierdo al final
1B,B,Insecticidas en spray,Spray mata cucaracha,Raid,Final,Lado derecho al frente,Lado izquierdo al final
1B,B,Insecticidas en spray,Spray pa’ matar bichos,Real Kill,Final,Lado derecho al frente,Lado izquierdo al final
1B,B,Insecticidas en spray,Spray pa’ hormigas,Hot Shot,Final,Lado derecho al frente,Lado izquierdo al final
1B,B,Trampas para insectos,Trapitas pa’ cucaracha,Raid,Final,Lado derecho al frente,Lado izquierdo al final
1B,B,Trampas para insectos,Trampas pa’ hormigas,Combat,Final,Lado derecho al frente,Lado izquierdo al final
1B,B,Velas aromáticas,Velitas pa’ que huela,Glade,Final,Lado derecho al frente,Lado izquierdo al final
1B,B,Aromatizantes eléctricos,Refill pa’ enchufar olores,Air Wick,Final,Lado derecho al frente,Lado izquierdo al final
1B,B,Aromatizantes eléctricos,Refill pa’ enchufar olores,Glade,Final,Lado derecho al frente,Lado izquierdo al final
1B,B,Limpiadores para acero inoxidable,Pa’ limpiar stainless,Weiman,Final,Lado derecho al frente,Lado izquierdo al final
1B,B,Limpiadores para hornos,Spray pa’ horno,Easy-Off,Final,Lado derecho al frente,Lado izquierdo al final
1B,B,Limpiadores para hornos,Desengrasante de horno,Zep,Final,Lado derecho al frente,Lado izquierdo al final
1B,B,Limpiadores de hornos,Spray pa’l horno,Easy-Off (Fume Free),Final,Lado derecho al frente,Lado izquierdo al final
1B,B,Limpiadores de hornos,Spray pa’l horno,Easy-Off (Heavy Duty),Final,Lado derecho al frente,Lado izquierdo al final
1B,B,Limpiadores de hornos y parrillas,Spray pa’ BBQ / horno,Brillo,Final,Lado derecho al frente,Lado izquierdo al final
1B,B,Limpiadores de baño en spray,Spray pa’l baño,Scrub Free,Final,Lado derecho al frente,Lado izquierdo al final
1B,B,Desinfectantes de olores,Pa’ quitar peste,OdoBan,Final,Lado derecho al frente,Lado izquierdo al final
1B,B,Desodorantes ambientales y absorbentes,Spray pa’l olor / bicarbonato,Arm & Hammer,Final,Lado derecho al frente,Lado izquierdo al final
1B,B,Limpiadores multiusos económicos,Spray multiuso económico,Major Shine,Final,Lado derecho al frente,Lado izquierdo al final
1B,B,Toallitas desinfectantes,Wipes Clorox / pa’ limpiar sin mapo,Clorox Scentiva,Final,Lado derecho al frente,Lado izquierdo al final
1B,B,Toallitas desinfectantes,Wipes Lysol,Lysol,Final,Lado derecho al frente,Lado izquierdo al final
1B,B,Limpiavidrios y superficies,Spray pa’ cristales,Sprayway,Final,Lado derecho al frente,Lado izquierdo al final
1B,B,Limpiadores de baño en spray,Spray pa’l baño,The Works,Final,Lado derecho al frente,Lado izquierdo al final
1B,B,Limpiadores de baño en spray,Spray pa’l baño,Clean Shower,Final,Lado derecho al frente,Lado izquierdo al final
,,,,,,,
,,,,,,,
,,,,,,,
,,,,,,,
,,,,,,,
2A,A,Tintes para el cabello,Cajitas pa’ pintarse el pelo,Revlon,Principio,Lado izquierdo al frente,Lado derecho al final
2A,A,Tintes para el cabello,Cajitas pa’ pintarse el pelo,L'Oréal,Principio,Lado izquierdo al frente,Lado derecho al final
2A,A,Tintes para el cabello,Cajitas pa’ pintarse el pelo,Nice'n Easy,Principio,Lado izquierdo al frente,Lado derecho al final
2A,A,Shampoo y acondicionadores,Shampoo y rinse,VO5,Medio,Lado izquierdo al frente,Lado derecho al final
2A,A,Shampoo y acondicionadores,Shampoo pa’ la caspa,Selsun Blue,Medio,Lado izquierdo al frente,Lado derecho al final
2A,A,Shampoo y acondicionadores,Shampoo y rinse,Head & Shoulders,Medio,Lado izquierdo al frente,Lado derecho al final
2A,A,Shampoo y acondicionadores,Shampoo y rinse,Tío Nacho,Medio,Lado izquierdo al frente,Lado derecho al final
2A,A,Shampoo y acondicionadores,Shampoo y rinse,Suave Kids,Medio,Lado izquierdo al frente,Lado derecho al final
2A,A,Leave-in / control frizz,Gotita pa’ sellar,Garnier Fructis,Medio,Lado izquierdo al frente,Lado derecho al final
2A,A,Tratamientos para el cabello,Crema pa’l pelo,Silicon Mix,Medio,Lado izquierdo al frente,Lado derecho al final
2A,A,Shampoo y acondicionadores,Shampoo y rinse,Pantene,Medio,Lado izquierdo al frente,Lado derecho al final
2A,A,Shampoo y acondicionadores,Shampoo y rinse,Suave,Medio,Lado izquierdo al frente,Lado derecho al final
2A,A,Cuidado de bebé – colonias,Colonia pa’l bebé,Baby Magic,Final,Lado izquierdo al frente,Lado derecho al final
2A,A,Cuidado de bebé – shampoo,Shampoo pa’l nene,Johnson’s,Final,Lado izquierdo al frente,Lado derecho al final
2A,A,Cuidado de bebé – wipes,Wipes de bebé,Huggies,Final,Lado izquierdo al frente,Lado derecho al final
2A,A,Cuidado de bebé – talcos y cremas,Polvito pa’l nene,Baby Magic,Final,Lado izquierdo al frente,Lado derecho al final
2A,A,Cuidado de bebé – aceites,Aceite pa’l bebé,Johnson’s,Final,Lado izquierdo al frente,Lado derecho al final
,,,,,,,
,,,,,,,
,,,,,,,
,,,,,,,
,,,,,,,
2B,B,Jabones de barra,Jabón pa’ bañarse,Dove,Principio,Lado derecho al frente,Lado izquierdo al final
2B,B,Jabones de barra,Jabón pa’ bañarse,Palmolive,Principio,Lado derecho al frente,Lado izquierdo al final
2B,B,Pañuelos faciales,Cajita de Kleenex,Kleenex,Principio,Lado derecho al frente,Lado izquierdo al final
2B,B,Pañuelos faciales,Papel pa’ secarse la nariz,Familia,Principio,Lado derecho al frente,Lado izquierdo al final
2B,B,Cremas faciales,Crema pa’ la cara,Pond’s,Medio,Lado derecho al frente,Lado izquierdo al final
2B,B,Cremas faciales,Crema pa’ la cara,Noxzema,Medio,Lado derecho al frente,Lado izquierdo al final
2B,B,Toallitas desmaquillantes,Wipes pa’ quitar maquillaje,Pond’s,Medio,Lado derecho al frente,Lado izquierdo al final
2B,B,Cremas corporales,Loción pa’l cuerpo,St. Ives,Medio,Lado derecho al frente,Lado izquierdo al final
2B,B,Cremas corporales,Crema pa’ piel reseca,Jergens,Medio,Lado derecho al frente,Lado izquierdo al final
2B,B,Tratamientos faciales,Crema pa’ manchas,Ambi,Medio,Lado derecho al frente,Lado izquierdo al final
2B,B,Tratamientos faciales,Crema de azufre,Azufre,Medio,Lado derecho al frente,Lado izquierdo al final
2B,B,Accesorios para el cabello,Cepillos pa’ peinarse,Genéricos,Final,Lado derecho al frente,Lado izquierdo al final
2B,B,Accesorios para el cabello,Peinillas y pinzas,Genéricos,Final,Lado derecho al frente,Lado izquierdo al final
2B,B,Accesorios de belleza,Espejito redondo,Genéricos,Final,Lado derecho al frente,Lado izquierdo al final
2B,B,Accesorios de belleza,Pinzas pa’ las cejas,Genéricos,Final,Lado derecho al frente,Lado izquierdo al final
,,,,,,,
,,,,,,,
,,,,,,,
,,,,,,,
,,,,,,,
3A,A,Cepillos dentales,Cepillo pa’ lavarse la boca,Colgate,Principio,Lado izquierdo al frente,Lado derecho al final
3A,A,Cepillos dentales,Cepillo pa’ lavarse la boca,Genéricos,Principio,Lado izquierdo al frente,Lado derecho al final
3A,A,Pasta dental,Pasta pa’ los dientes,Colgate,Medio,Lado izquierdo al frente,Lado derecho al final
3A,A,Pasta dental,Pasta pa’ dientes sensibles,Sensodyne,Medio,Lado izquierdo al frente,Lado derecho al final
3A,A,Pasta dental,Pasta pa’ encías,Parodontax,Medio,Lado izquierdo al frente,Lado derecho al final
3A,A,Pasta dental,Pasta pa’ los dientes,Crest,Medio,Lado izquierdo al frente,Lado derecho al final
3A,A,Pasta dental,Pasta pa’ los dientes,Arm & Hammer,Medio,Lado izquierdo al frente,Lado derecho al final
3A,A,Enjuague bucal,Buchito pa’ enjuagarse la boca,Colgate,Final,Lado izquierdo al frente,Lado derecho al final
3A,A,Enjuague bucal,Buchito pa’ enjuagarse la boca,Scope,Final,Lado izquierdo al frente,Lado derecho al final
3A,A,Enjuague bucal,Buchito pa’ enjuagarse la boca,Listerine,Final,Lado izquierdo al frente,Lado derecho al final
3A,A,Toallitas húmedas para bebé,Wipes pa’l nene,Huggies,Final,Lado izquierdo al frente,Lado derecho al final
3A,A,Toallitas húmedas para bebé,Wipes pa’l nene,Pampers,Final,Lado izquierdo al frente,Lado derecho al final
3A,A,Pañales para bebé,Pañales pa’l bebé,Pampers,Final,Lado izquierdo al frente,Lado derecho al final
,,,,,,,
,,,,,,,
,,,,,,,
,,,,,,,
,,,,,,,
3B,B,Toallas sanitarias,Toallitas pa’l periodo,Always,Principio,Lado derecho al frente,Lado izquierdo al final
3B,B,Toallas sanitarias,Toallitas pa’l periodo,Nosotras,Principio,Lado derecho al frente,Lado izquierdo al final
3B,B,Toallas sanitarias,Toallitas pa’l periodo,Kotex,Principio,Lado derecho al frente,Lado izquierdo al final
3B,B,Toallas sanitarias,Toallitas pa’l periodo,U by Kotex,Principio,Lado derecho al frente,Lado izquierdo al final
3B,B,Protectores diarios,Panty liner,Nosotras,Principio,Lado derecho al frente,Lado izquierdo al final
3B,B,Jabones íntimos,Jabón pa’ la zona V,Nosotras,Medio,Lado derecho al frente,Lado izquierdo al final
3B,B,Jabones íntimos,Jabón pa’ la zona V,Summer’s Eve,Medio,Lado derecho al frente,Lado izquierdo al final
3B,B,Pañales para adultos,Pañales pa’ grandes,Depend,Final,Lado derecho al frente,Lado izquierdo al final
3B,B,Pañales para adultos,Pañales pa’ grandes,Prevail,Final,Lado derecho al frente,Lado izquierdo al final
3B,B,Toallitas húmedas para adultos,Wipes pa’ grandes,Equate,Final,Lado derecho al frente,Lado izquierdo al final
,,,,,,,
,,,,,,,
,,,,,,,
,,,,,,,
,,,,,,,
4A,A,Jabón de barra,Jabón pa’ bañarse,Protex,Principio,Lado izquierdo al frente,Lado derecho al final
4A,A,Jabón de barra,Jabón pa’ bañarse,Palmolive,Principio,Lado izquierdo al frente,Lado derecho al final
4A,A,Jabón de barra,Jabón pa’ bañarse,Jabón de Castila,Principio,Lado izquierdo al frente,Lado derecho al final
4A,A,Jabón de barra,Jabón pa’ bañarse,Olay,Principio,Lado izquierdo al frente,Lado derecho al final
4A,A,Jabón líquido de mano,Jabón líquido pa’ las manos,Softsoap,Medio,Lado izquierdo al frente,Lado derecho al final
4A,A,Jabón líquido de mano,Jabón líquido pa’ las manos,Dial,Medio,Lado izquierdo al frente,Lado derecho al final
4A,A,Guantes desechables,Guantes plásticos,Medline,Final,Lado izquierdo al frente,Lado derecho al final
4A,A,Rodilleras ortopédicas,Rodilleras,Support Plus,Final,Lado izquierdo al frente,Lado derecho al final
4A,A,Jabón líquido de mano,Jabón líquido pa’ las manos,Instituto Español,Medio,Lado izquierdo al frente,Lado derecho al final
4A,A,Jabón líquido de mano,Jabón líquido pa’ las manos,Equate,Medio,Lado izquierdo al frente,Lado derecho al final
4A,A,Alcohol y antisépticos,Alcohol y yodo,Equate,Final,Lado izquierdo al frente,Lado derecho al final
4A,A,Vitaminas y suplementos,Vitaminas,Nature’s Bounty,Final,Lado izquierdo al frente,Lado derecho al final
4A,A,Vitaminas y suplementos,Vitaminas,Spring Valley,Final,Lado izquierdo al frente,Lado derecho al final
4A,A,Curitas y vendas,Curitas,MediCare,Final,Lado izquierdo al frente,Lado derecho al final
4A,A,Pomadas y ungüentos,Pomadas,Vaporub / Deser / Capisoderm,Final,Lado izquierdo al frente,Lado derecho al final
4A,A,Alcohol y antisépticos,Alcohol,Alcohalado,Final,Lado izquierdo al frente,Lado derecho al final
4A,A,Alcohol y antisépticos,Alcohol,Alcohol 70%,Final,Lado izquierdo al frente,Lado derecho al final
4A,A,Medicamentos tópicos,Cremas pa’ la picazón,Benadryl,Final,Lado izquierdo al frente,Lado derecho al final
4A,A,Medicamentos tópicos,Cremas pa’ la picazón,Caladryl,Final,Lado izquierdo al frente,Lado derecho al final
4A,A,Vitaminas y suplementos,Vitaminas,Sundown Naturals,Final,Lado izquierdo al frente,Lado derecho al final
4A,A,Suplementos herbales,Yerbas / Naturales,Nature’s Bounty,Final,Lado izquierdo al frente,Lado derecho al final
4A,A,Primeros auxilios,Venditas,Band-Aid,Final,Lado izquierdo al frente,Lado derecho al final
4A,A,Primeros auxilios,Venditas,Curad,Final,Lado izquierdo al frente,Lado derecho al final
4A,A,Jarabes y tópicos,Jarabes,Robitussin,Final,Lado izquierdo al frente,Lado derecho al final
4A,A,Jarabes y tópicos,Jarabes,DM Cough,Final,Lado izquierdo al frente,Lado derecho al final
,,,,,,,
,,,,,,,
,,,,,,,
,,,,,,,
,,,,,,,
4B,B,Organización,Estanterías,Mainstays,Principio,Lado derecho al frente,Lado izquierdo al final
4B,B,Organización,Tablillas,Mainstays,Principio,Lado derecho al frente,Lado izquierdo al final
4B,B,Organización,Estantes de madera,Mainstays,Principio,Lado derecho al frente,Lado izquierdo al final
4B,B,Ganchos y sujetadores,Pinches de ropa,Variedad,Principio,Lado derecho al frente,Lado izquierdo al final
4B,B,Contenedores plásticos,Envases,"Sterilite, Rubbermaid",Principio,Lado derecho al frente,Lado izquierdo al final
4B,B,Esponjas y estropajos,Esponjas de fregar,"3M, Scotch-Brite, Genéricas",Medio,Lado derecho al frente,Lado izquierdo al final
4B,B,Accesorios de baño,Cortinas de baño,Genéricas,Medio,Lado derecho al frente,Lado izquierdo al final
4B,B,Accesorios de plomería,Drenajes,"AquaPlumb, Genéricas",Final,Lado derecho al frente,Lado izquierdo al final
4B,B,Accesorios de plomería,Tapas de fregadero,AquaPlumb,Final,Lado derecho al frente,Lado izquierdo al final
4B,B,Accesorios de plomería,Repuestos de plomería,Genéricas,Final,Lado derecho al frente,Lado izquierdo al final
,,,,,,,
,,,,,,,
,,,,,,,
,,,,,,,
,,,,,,,
5A,A,Mochilas escolares,Bultos,Varias,Principio,Lado izquierdo al frente,Lado derecho al final
5A,A,Crayones y lápices de colores,Crayola,Crayola,Principio,Lado izquierdo al frente,Lado derecho al final
5A,A,Lápices y bolígrafos,Lápices y bolígrafos,"BIC, Paper Mate",Principio,Lado izquierdo al frente,Lado derecho al final
5A,A,Pegamentos y tijeras,Gomas y tijeras,"Scotch, Elmer’s",Medio,Lado izquierdo al frente,Lado derecho al final
5A,A,Papel construcción y cartulinas,Cartulinas,Varias,Medio,Lado izquierdo al frente,Lado derecho al final
5A,A,Libretas y cuadernos,Libretas,"El Líder, Norma",Final,Lado izquierdo al frente,Lado derecho al final
5A,A,Carpetas escolares,Carpetas,"Avery, School Smart",Final,Lado izquierdo al frente,Lado derecho al final
,,,,,,,
,,,,,,,
,,,,,,,
,,,,,,,
,,,,,,,
5B,B,Mochilas escolares,Bultos,Variadas,Principio,Lado derecho al frente,Lado izquierdo al final
5B,B,Bolígrafos,Bolígrafos,"Paper Mate, BIC",Principio,Lado derecho al frente,Lado izquierdo al final
5B,B,Lápices de colores,Crayolas,Crayola,Principio,Lado derecho al frente,Lado izquierdo al final
5B,B,Libros para colorear,Libros de colorear,Variadas,Centro,Lado derecho al frente,Lado izquierdo al final
5B,B,Plasticina escolar,Plasticina,Variadas,Centro,Lado derecho al frente,Lado izquierdo al final
5B,B,Tijeras escolares,Tijeras,"Fiskars, Westcott",Centro,Lado derecho al frente,Lado izquierdo al final
5B,B,Pegamento escolar,Pega,Elmer’s,Centro,Lado derecho al frente,Lado izquierdo al final
5B,B,Lupas,Lupas,Variadas,Final,Lado derecho al frente,Lado izquierdo al final
5B,B,Carpetas 3 aros,Carpetas,Durable,Final,Lado derecho al frente,Lado izquierdo al final
5B,B,Escritorio infantil,Escritorio de niño,Rimax,Final,Lado derecho al frente,Lado izquierdo al final
,,,,,,,
,,,,,,,
,,,,,,,
,,,,,,,
,,,,,,,
6A,A,Herramientas y ferretería,Tapes / Cinta pegajosa,Duck Tape,Principio,Lado izquierdo al frente,Lado derecho al final
6A,A,Herramientas y ferretería,Tapes / Cinta pegajosa,Toledo,Principio,Lado izquierdo al frente,Lado derecho al final
6A,A,Herramientas y ferretería,Tapes / Cinta pegajosa,Scotch,Principio,Lado izquierdo al frente,Lado derecho al final
6A,A,Herramientas y ferretería,Tapes / Cinta pegajosa,Bulldog,Principio,Lado izquierdo al frente,Lado derecho al final
6A,A,Ferretería,Cerraduras / Locks,Toledo,Principio,Lado izquierdo al frente,Lado derecho al final
6A,A,Ferretería,Cerraduras / Locks,Eddico,Principio,Lado izquierdo al frente,Lado derecho al final
6A,A,Ferretería,Manecillas / Manijas / Handles,Toledo,Principio,Lado izquierdo al frente,Lado derecho al final
6A,A,Ferretería,Manecillas / Manijas / Handles,Eddico,Principio,Lado izquierdo al frente,Lado derecho al final
6A,A,Ferretería,Operadores de ventanas,Toledo,Principio,Lado izquierdo al frente,Lado derecho al final
,,,,,,,
,,,,,,,
,,,,,,,
,,,,,,,
,,,,,,,
6B,B,Aceites y Aditivos para Autos,Aceites de motor,STP,principio,Lado derecho al frente,Lado izquierdo al final
6B,B,Aceites y Aditivos para Autos,Aditivos para gasolina,STP,principio,Lado derecho al frente,Lado izquierdo al final
6B,B,Productos de Limpieza para Autos,Multiusos,Armor All,principio,Lado derecho al frente,Lado izquierdo al final
6B,B,Productos de Limpieza para Autos,Limpiadores de goma y vinyl,Turtle Wax,principio,Lado derecho al frente,Lado izquierdo al final
6B,B,Productos de Limpieza para Autos,Desengrasantes,Gunk,principio,Lado derecho al frente,Lado izquierdo al final
6B,B,Lubricantes y Protectores,WD-40,WD-40,principio,Lado derecho al frente,Lado izquierdo al final
6B,B,Tanques de Gasolina,Tanques de gasolina,No Leak,principio,Lado derecho al frente,Lado izquierdo al final
6B,B,Herramientas Manuales,Alicates,Tool Bench,medio,Lado derecho al frente,Lado izquierdo al final
6B,B,Herramientas Manuales,Alicates de presión,Tool Bench,medio,Lado derecho al frente,Lado izquierdo al final
6B,B,Herramientas Manuales,Martillos,Tool Bench,medio,Lado derecho al frente,Lado izquierdo al final
6B,B,Herramientas Manuales,Espátulas,Tool Bench,medio,Lado derecho al frente,Lado izquierdo al final
6B,B,Herramientas Manuales,Destornilladores,Tool Bench,medio,Lado derecho al frente,Lado izquierdo al final
6B,B,Herramientas Manuales,Llaves ajustables,Tool Bench,medio,Lado derecho al frente,Lado izquierdo al final
6B,B,Accesorios de herramientas,Cajas de herramientas,Stanley,medio,Lado derecho al frente,Lado izquierdo al final
6B,B,Accesorios de herramientas,Fasteners,Tool Bench,medio,Lado derecho al frente,Lado izquierdo al final
6B,B,Herramientas Eléctricas,Cortadores,Tool Bench,medio,Lado derecho al frente,Lado izquierdo al final
6B,B,Cintas Adhesivas,Tape eléctrico,Scotch,medio,Lado derecho al frente,Lado izquierdo al final
6B,B,Cintas Adhesivas,Tape de tela,Tool Bench,medio,Lado derecho al frente,Lado izquierdo al final
,,,,,,,
,,,,,,,
,,,,,,,
,,,,,,,
,,,,,,,
7A,A,Pinturas,Pinturas,Lanco,Principio,Lado izquierdo al frente,Lado derecho al final
7A,A,Pinturas,Pinturas,Colorín,Principio,Lado izquierdo al frente,Lado derecho al final
7A,A,Selladores y calkings,Calking,Lanco,Principio,Lado izquierdo al frente,Lado derecho al final
7A,A,Selladores y calkings,Calking,DAP,Principio,Lado izquierdo al frente,Lado derecho al final
7A,A,Rodillos,Rodillos,Lanco,Principio,Lado izquierdo al frente,Lado derecho al final
7A,A,Rodillos,Rodillos,Red Devil,Principio,Lado izquierdo al frente,Lado derecho al final
7A,A,Pinceles,Brochas,Lanco,Principio,Lado izquierdo al frente,Lado derecho al final
7A,A,Pinceles,Brochas,Red Devil,Principio,Lado izquierdo al frente,Lado derecho al final
7A,A,Tapes de pintor,Tape,Scotch,Medio,Lado izquierdo al frente,Lado derecho al final
7A,A,Tapes de pintor,Tape,Duck,Medio,Lado izquierdo al frente,Lado derecho al final
7A,A,Tapes de pintor,Tape,3M,Medio,Lado izquierdo al frente,Lado derecho al final
7A,A,Tapes de pintor,Tape,Pro Painter,Medio,Lado izquierdo al frente,Lado derecho al final
7A,A,Bandejas y liners,Bandejas,Lanco,Medio,Lado izquierdo al frente,Lado derecho al final
7A,A,Guantes,Guantes,Truper,Final,Lado izquierdo al frente,Lado derecho al final
7A,A,Guantes,Guantes,Mechanix,Final,Lado izquierdo al frente,Lado derecho al final
7A,A,Guantes,Guantes,Ace,Final,Lado izquierdo al frente,Lado derecho al final
7A,A,Mangueras de jardín,Jardinería,Flexon,Final,Lado izquierdo al frente,Lado derecho al final
7A,A,Mangueras de jardín,Jardinería,Ace,Final,Lado izquierdo al frente,Lado derecho al final
7A,A,Boquillas de manguera,Jardinería,Orbit,Final,Lado izquierdo al frente,Lado derecho al final
7A,A,Aceites y aditivos,Auto,STP,Final,Lado izquierdo al frente,Lado derecho al final
7A,A,Aceites y aditivos,Auto,Super S,Final,Lado izquierdo al frente,Lado derecho al final
7A,A,Aceites y aditivos,Auto,Pennzoil,Final,Lado izquierdo al frente,Lado derecho al final
,,,,,,,
,,,,,,,
,,,,,,,
,,,,,,,
,,,,,,,
7B,B,Lámparas LED y bombillas,Bombillas,Sylvania,Principio,Lado derecho al frente,Lado izquierdo al final
7B,B,Bombillas LED,Bombillas,Utilitech,Principio,Lado derecho al frente,Lado izquierdo al final
7B,B,Bombillas CFL,Bombillas,GE,Principio,Lado derecho al frente,Lado izquierdo al final
7B,B,Extensiones eléctricas,Extensiones,Energizer,Medio,Lado derecho al frente,Lado izquierdo al final
7B,B,Conectores y adaptadores,Piezas eléctricas,Energizer,Medio,Lado derecho al frente,Lado izquierdo al final
7B,B,"Enchufes, interruptores y dimmers",Switches,Cooper,Medio,Lado derecho al frente,Lado izquierdo al final
7B,B,Accesorios eléctricos variados,Eléctrico,Ace,Medio,Lado derecho al frente,Lado izquierdo al final
7B,B,Cintas eléctricas,Cinta negra,3M,Final,Lado derecho al frente,Lado izquierdo al final
7B,B,Lámparas solares y reflectores,Luces solares,Sylvania,Final,Lado derecho al frente,Lado izquierdo al final
,,,,,,,
,,,,,,,
,,,,,,,
,,,,,,,
,,,,,,,
8A,A,Fertilizante,Abono,GreenOp,Final,Lado izquierdo al frente,Lado derecho al final
8A,A,Fertilizante,Abono,GreenOp,Final,Lado izquierdo al frente,Lado derecho al final
8A,A,Fertilizante,Abono,Hi-Yield,Final,Lado izquierdo al frente,Lado derecho al final
8A,A,Fertilizante,Abono,Ortho,Final,Lado izquierdo al frente,Lado derecho al final
8A,A,Trampas e insecticidas,Trampas,Catchmaster,Final,Lado izquierdo al frente,Lado derecho al final
8A,A,Trampas e insecticidas,Trampas,Victor,Final,Lado izquierdo al frente,Lado derecho al final
8A,A,Trampas e insecticidas,Trampas,Mousetrap,Final,Lado izquierdo al frente,Lado derecho al final
8A,A,Comida para mascotas,Comida de gatos,Friskies,Medio,Lado izquierdo al frente,Lado derecho al final
8A,A,Comida para mascotas,Comida de gatos,9Lives,Medio,Lado izquierdo al frente,Lado derecho al final
8A,A,Comida para mascotas,Comida de gatos,Pro Pet,Medio,Lado izquierdo al frente,Lado derecho al final
8A,A,Comida para mascotas,Comida de gatos,Catty,Medio,Lado izquierdo al frente,Lado derecho al final
8A,A,Comida para mascotas,Comida de perros,Dogui,Medio,Lado izquierdo al frente,Lado derecho al final
8A,A,Comida para mascotas,Comida de perros,Pro Pet,Medio,Lado izquierdo al frente,Lado derecho al final
8A,A,Cuidado de mascotas,Shampoo para perros,Hartz,Medio,Lado izquierdo al frente,Lado derecho al final
8A,A,Cuidado de mascotas,Shampoo para mascotas,Happy Pets,Medio,Lado izquierdo al frente,Lado derecho al final
8A,A,Cuidado de mascotas,Repelente y desparasitante,Vet's Best,Medio,Lado izquierdo al frente,Lado derecho al final
8A,A,Premios para perros,Snacks de perro,Gravy Train,Principio,Lado izquierdo al frente,Lado derecho al final
8A,A,Premios para perros,Snacks de perro,Canine Carry Outs,Principio,Lado izquierdo al frente,Lado derecho al final
8A,A,Accesorios de mascotas,Jaulas y transportadoras,Pet Taxi,Principio,Lado izquierdo al frente,Lado derecho al final
,,,,,,,
,,,,,,,
,,,,,,,
,,,,,,,
,,,,,,,
8B,B,Pads para entrenamiento de perro,Pads de perro,Glad,Principio,Lado derecho al frente,Lado izquierdo al final
8B,B,Pads para entrenamiento de perro,Pads de perro,Magic Pads,Principio,Lado derecho al frente,Lado izquierdo al final
8B,B,Pads para entrenamiento de perro,Pads de perro,PuppyPads,Principio,Lado derecho al frente,Lado izquierdo al final
8B,B,Pads para entrenamiento de perro,Pads de perro,Happy Pet,Principio,Lado derecho al frente,Lado izquierdo al final
8B,B,Arena para gatos,Arena de gato,Fresh Step,Principio,Lado derecho al frente,Lado izquierdo al final
8B,B,Arena para gatos,Arena de gato,Tidy Cats,Principio,Lado derecho al frente,Lado izquierdo al final
8B,B,Camas para mascotas,Camas de perro,Variadas,Medio,Lado derecho al frente,Lado izquierdo al final
8B,B,Juguetes y accesorios para mascotas,Juguetes y cosas de perro,Variadas,Final,Lado derecho al frente,Lado izquierdo al final
8B,B,Ropa para mascotas,Ropita de perro,Variadas,Final,Lado derecho al frente,Lado izquierdo al final
,,,,,,,
,,,,,,,
,,,,,,,
,,,,,,,
,,,,,,,
9A,A,Sartenes y ollas,Sartenes y calderos,Imusa,Principio,Lado izquierdo al frente,Lado derecho al final
9A,A,Sartenes y ollas,Sartenes y calderos,Oster,Medio,Lado izquierdo al frente,Lado derecho al final
9A,A,Sartenes y ollas,Sartenes y calderos,La Cuisine,Medio,Lado izquierdo al frente,Lado derecho al final
9A,A,Cafeteras y termos,Greca y termos,Imusa,Final,Lado izquierdo al frente,Lado derecho al final
9A,A,Cafeteras y termos,Greca y termos,Cookin' Color,Final,Lado izquierdo al frente,Lado derecho al final
9A,A,Filtros para café,Filtros de greca,Variadas,Final,Lado izquierdo al frente,Lado derecho al final
,,,,,,,
,,,,,,,
,,,,,,,
,,,,,,,
,,,,,,,
9B,B,Utensilios de cocina,"Cucharones, espátulas y demás",Imusa,Principio,Lado derecho al frente,Lado izquierdo al final
9B,B,Tablas para picar,Tablas de picar,Imusa,Principio,Lado derecho al frente,Lado izquierdo al final
9B,B,Tablas para picar,Tablas de picar,Genéricas,Principio,Lado derecho al frente,Lado izquierdo al final
9B,B,Utensilios de cocina,"Cucharones, espátulas y demás",Genéricas,Medio,Lado derecho al frente,Lado izquierdo al final
9B,B,Herramientas de cocina pequeñas,"Rodillo, batidor, abrelatas",Genéricas,Medio,Lado derecho al frente,Lado izquierdo al final
9B,B,Ralladores y exprimidores,"Ralladores, majadores, exprimidores",Genéricas,Final,Lado derecho al frente,Lado izquierdo al final
9B,B,Organizadores de fregadero,Cosas del fregadero,Genéricas,Final,Lado derecho al frente,Lado izquierdo al final
9B,B,Cuchillos de cocina,Cuchillos,Genéricas,Final,Lado derecho al frente,Lado izquierdo al final
9B,B,Exprimidores para china,Exprimidor pa' la china,Genéricas,Final,Lado derecho al frente,Lado izquierdo al final
9B,B,Exprimidores de limón,Exprimidor de limón,Genéricas,Final,Lado derecho al frente,Lado izquierdo al final
9B,B,Ralladores,Rayadores,Genéricas,Final,Lado derecho al frente,Lado izquierdo al final
9B,B,Stands para fregadero,Stands del fregadero,Genéricas,Final,Lado derecho al frente,Lado izquierdo al final
9B,B,Palitos para pinchos,Palitos de pincho,Genéricas,Final,Lado derecho al frente,Lado izquierdo al final
9B,B,Stands para papel toalla,Stands de papel toalla,Genéricas,Final,Lado derecho al frente,Lado izquierdo al final
9B,B,Esponjas y accesorios de limpieza,Esponjas y cositas del fregadero,Genéricas,Final,Lado derecho al frente,Lado izquierdo al final
9B,B,Organizadores de servilletas,Organizadores de servilletas,Genéricas,Final,Lado derecho al frente,Lado izquierdo al final
,,,,,,,
,,,,,,,
,,,,,,,
,,,,,,,
,,,,,,,
10A,A,Arroceras eléctricas,Arroceras,Cocina Criolla,Principio,Lado izquierdo al frente,Lado derecho al final
10A,A,Sandwicheras eléctricas,Sandwicheras,Cocina Criolla,Principio,Lado izquierdo al frente,Lado derecho al final
10A,A,Sandwicheras eléctricas,Sandwicheras,Black+Decker,Principio,Lado izquierdo al frente,Lado derecho al final
10A,A,Exprimidores eléctricos,Máquinas pa’ exprimir china,Black+Decker,Principio,Lado izquierdo al frente,Lado derecho al final
10A,A,Exprimidores eléctricos,Máquinas pa’ exprimir china,Cocina Criolla,Principio,Lado izquierdo al frente,Lado derecho al final
10A,A,Tostadoras,Tostadoras,Oster,Principio,Lado izquierdo al frente,Lado derecho al final
10A,A,Sandwicheras eléctricas,Sandwicheras,Oster,Principio,Lado izquierdo al frente,Lado derecho al final
10A,A,Microondas,Microondas,Avanti,Principio,Lado izquierdo al frente,Lado derecho al final
10A,A,Microondas,Microondas,Oster,Principio,Lado izquierdo al frente,Lado derecho al final
10A,A,Arroceras eléctricas,Arroceras,Black+Decker,Principio,Lado izquierdo al frente,Lado derecho al final
10A,A,Arroceras eléctricas,Arroceras,Oster,Principio,Lado izquierdo al frente,Lado derecho al final
10A,A,Tostadoras,Tostadoras,Black+Decker,Principio,Lado izquierdo al frente,Lado derecho al final
10A,A,Vajillas,Platos y vajillas,Gibson,Medio,Lado izquierdo al frente,Lado derecho al final
10A,A,Freidoras de aire,Air Fryers,Oster,Final,Lado izquierdo al frente,Lado derecho al final
10A,A,Licuadoras,Blenders,Oster,Final,Lado izquierdo al frente,Lado derecho al final
10A,A,Licuadoras,Blenders,Black+Decker,Final,Lado izquierdo al frente,Lado derecho al final
10A,A,Planchas eléctricas para ropa,Plancha eléctrica,Black+Decker,Final,Lado izquierdo al frente,Lado derecho al final
10A,A,Cafeteras eléctricas,Cafeteras eléctricas,Black+Decker,Final,Lado izquierdo al frente,Lado derecho al final
10A,A,Cafeteras eléctricas,Cafeteras eléctricas,Oster,Final,Lado izquierdo al frente,Lado derecho al final
10A,A,Cafeteras eléctricas,Cafeteras eléctricas,Cocina Criolla,Final,Lado izquierdo al frente,Lado derecho al final
10A,A,Freidoras de aire,Air Fryers,Cocina Criolla,Final,Lado izquierdo al frente,Lado derecho al final
,,,,,,,
,,,,,,,
,,,,,,,
,,,,,,,
,,,,,,,
10B,B,Vajillas y platos,"Platos, bowls y vajillas",Gibson,Principio,Lado derecho al frente,Lado izquierdo al final
10B,B,Vajillas y platos,"Platos, bowls y vajillas",Variadas,Principio,Lado derecho al frente,Lado izquierdo al final
10B,B,Envases de hornear y cristalería,"Bowls de cristal, pyrex, lasañeras",Pyrex,Final,Lado derecho al frente,Lado izquierdo al final
10B,B,Envases de hornear y cristalería,"Bowls de cristal, pyrex, lasañeras",Variadas,Final,Lado derecho al frente,Lado izquierdo al final
,,,,,,,
,,,,,,,
,,,,,,,
,,,,,,,
,,,,,,,
11A,A,Accesorios de ducha,Handlers de ducha,Variadas,Principio,Lado izquierdo al frente,Lado derecho al final
11A,A,Cepillos para inodoro,Cepillos de limpiar el toilet,Variadas,Principio,Lado izquierdo al frente,Lado derecho al final
11A,A,Dispensadores de jabón líquido,Dispensers de jabón de manos,Variadas,Principio,Lado izquierdo al frente,Lado derecho al final
11A,A,Barras de ducha,Palos de la ducha,Variadas,Principio,Lado izquierdo al frente,Lado derecho al final
11A,A,Limpiadores de inodoro,Cleaners pa’l bowl,Variadas,Principio,Lado izquierdo al frente,Lado derecho al final
11A,A,Mezcladoras de lavamanos,Llaves de lavamanos,Variadas,Medio,Lado izquierdo al frente,Lado derecho al final
11A,A,Mezcladoras de fregadero,Llaves del fregadero,Variadas,Medio,Lado izquierdo al frente,Lado derecho al final
11A,A,Tapas de inodoro,Tapa de toilet,Variadas,Final,Lado izquierdo al frente,Lado derecho al final
11A,A,Básculas de baño,Pesas de baño,Variadas,Final,Lado izquierdo al frente,Lado derecho al final
11A,A,Plumas para lavamanos,Plumas de lavamanos,Variadas,Medio,Lado izquierdo al frente,Lado derecho al final
11A,A,Plumas para fregadero,Plumas de fregadero,Variadas,Medio,Lado izquierdo al frente,Lado derecho al final
,,,,,,,
,,,,,,,
,,,,,,,
,,,,,,,
,,,,,,,
11B,B,Hampers y canastos de ropa,Hampers,Variadas,Principio,Lado derecho al frente,Lado izquierdo al final
11B,B,Contenedores plásticos de almacenamiento,Cajas plásticas para guardar cosas,Variadas,Final,Lado derecho al frente,Lado izquierdo al final
,,,,,,,
,,,,,,,
,,,,,,,
,,,,,,,
,,,,,,,
12A,A,Escurridores de platos,Escurridores,Variadas,Principio,Lado izquierdo al frente,Lado derecho al final
12A,A,Cubetas para hielo,Cubetas de hielo,Variadas,Medio,Lado izquierdo al frente,Lado derecho al final
12A,A,Bowls de cocina plásticos,Bowls,Variadas,Medio,Lado izquierdo al frente,Lado derecho al final
12A,A,Organizadores de cubiertos,Organizadores de cubiertos,Variadas,Medio,Lado izquierdo al frente,Lado derecho al final
12A,A,Escurridores de platos,Escurridores,Variadas,Final,Lado izquierdo al frente,Lado derecho al final
,,,,,,,
,,,,,,,
,,,,,,,
,,,,,,,
,,,,,,,
12B,B,Envases plásticos para alimentos,"Containers para comida, dietas o to-go",Variadas,Principio,Lado derecho al frente,Lado izquierdo al final
12B,B,Envases organizadores de cocina,"Envases para pasta, granos y café",Variadas,Medio,Lado derecho al frente,Lado izquierdo al final
12B,B,Platos plásticos y jarras,Platos plásticos y jugs de agua,Variadas,Final,Lado derecho al frente,Lado izquierdo al final
,,,,,,,
,,,,,,,
,,,,,,,
,,,,,,,
,,,,,,,
13A,A,Armarios plásticos grandes,Gabinetes plásticos,Rimax,Principio,Lado izquierdo al frente,Lado derecho al final
13A,A,Racks para colgar ropa y almacenar,Racks de ropa,Variadas,Final,Lado izquierdo al frente,Lado derecho al final
,,,,,,,
,,,,,,,
,,,,,,,
,,,,,,,
,,,,,,,
13B,B,Hampers plásticos,Hampers,Variadas,Principio,Lado derecho al frente,Lado izquierdo al final
13B,B,Hampers decorativos,Hampers de paja / decorativos,Variadas,Medio,Lado derecho al frente,Lado izquierdo al final
13B,B,Carritos con ruedas,Carritos de compra,Variadas,Final,Lado derecho al frente,Lado izquierdo al final
13B,B,Banquitos y escaleritas,Steps / escaleras,Variadas,Final,Lado derecho al frente,Lado izquierdo al final
,,,,,,,
,,,,,,,
,,,,,,,
,,,,,,,
,,,,,,,
14A,A,Zafacones pequeños,Zafacones de cocina,Rimax,Principio,Izquierda (frente),Lado derecho al final
14A,A,Zafacones pequeños,Zafacones de cocina,Générica,Principio,Izquierda (frente),Lado derecho al final
14A,A,Zafacones medianos y con pedal,Zafacones con tapa,Rimax,Medio,Izquierda (frente),Lado derecho al final
14A,A,Zafacones decorativos y con diseño,Zafacones con estilo,Générica,Final,Izquierda (frente),Lado derecho al final
,,,,,,,
,,,,,,,
,,,,,,,
,,,,,,,
,,,,,,,
14B,B,Zafacones grandes de basura,Zafacones de tapa grande,Genérica,Principio,Derecha (frente),Lado izquierdo al final
14B,B,Zafacones para exteriores y agua,"Tanques de basura, tanques de agua",Genérica,Medio,Derecha (frente),Lado izquierdo al final
14B,B,Zafacones con pedal y reciclaje,Zafacones con pedal,Genérica,Final,Derecha (frente),Lado izquierdo al final
,,,,,,,
,,,,,,,
,,,,,,,
,,,,,,,
,,,,,,,
15,,Accesorios de Piscina,cosas de piscina,Intex,Principio,Frente,
15,,Accesorios de Piscina,cosas de piscina,Bestway,Principio,Frente,
15,,Juguetes Inflables,"flotadores, jueguitos",Intex,Principio,Frente,
15,,Juguetes Inflables,"flotadores, jueguitos",Bestway,Principio,Frente,
15,,Juguetes de Piscina,juguetes para el agua,Intex,Medio,Frente,
15,,Accesorios Limpieza Piscina,cepillos y mangueras,Bestway,Medio,Frente,
15,,Accesorios Limpieza Piscina,cepillos y mangueras,Swimline,Medio,Frente,
15,,Filtros para Piscina,filtros,Bestway,Medio,Frente,
15,,Filtros para Piscina,filtros,Intex,Medio,Frente,
15,,Cloro en Pastillas,pastillas de cloro,Clorox,Final,Frente,
15,,Flotadores de Cloro,flotador pa' cloro,Clorox,Final,Frente,
15,,Piscinas Grandes,piscinas grandes,Intex,Final,Frente,
15,,Piscinas Grandes,piscinas grandes,Bestway,Final,Frente,
15,,Piscinas para Niños,piscinas pa' nenes,Intex,Final,Frente,
15,,Piscinas para Niños,piscinas pa' nenes,Bestway,Final,Frente,
15,,Piscinas para Bebés,piscinas de bebé,Intex,Final,Frente,
,,,,,,,
,,,,,,,
,,,,,,,
,,,,,,,
,,,,,,,
17-19,,Juguetes para bebé,Juguetes de bebé,,Principio,,
17-19,,Biberones,Biberones,,Principio,,
17-19,,Almacenamiento de comida,Envases comida bebé,,Principio,,
17-19,,Almacenamiento de fórmula,Envases fórmula bebé,,Principio,,
17-19,,Envases para snacks,Cacharritos snacks,,Medio,,
17-19,,Chupetes,Bobos,,Medio,,
17-19,,Lactancia,Productos lactancia,,Medio,,
17-19,,Bombas extractoras de leche,Pompa de leche,,Medio,,
17-19,,Almacenamiento de leche,Bolsas leche materna,,Final,,
17-19,,Pads para brasier,Pads brasier,,Final,,
17-19,,Ropita de bebé,Onesies / ropita bebé,,Final,,
17-19,,Cucharas para bebé,Cucharitas bebé,,Final,,
17-19,,Lazos de bebé,Lacitos bebé,,Final,,
17-19,,Zapatitos de bebé,Zapatos bebé,,Final,,
17-19,,Zapatos para niños pequeños,Zapatos nene pequeño,,Final,,
HORARIO,,Lunes a Sábado: 9:00AM–7:00PM / Domingo: 11:00AM–5:00PM,Capri Guaynabo - Plaza Guaynabo,,,,
INFO,,Baños,Localizados en la entrada al lado del counter de servicio al lado derecho,,,,
INFO,,Detergentes,Localizados al final de la tienda en la parte trasera entre el pasillo 1 y 15,,,,
INFO,,Almohadas y cojines,"Localizados al final de la tienda, en el lado derecho.",,,,
INFO,,Toallas para la cocina,Se encuentran en el lado derecho de la tienda.,,,,
INFO,,Toallas de gimnasio,Ubicadas en el lado derecho de la tienda.,,,,
INFO,,Toallas de baño,También en el lado derecho.,,,,
INFO,,Cortinas,Disponibles en el lado derecho de la tienda.,,,,
INFO,,Colchas,Se encuentran en el lado derecho.,,,,
INFO,,Sábanas,Localizadas en el lado derecho de la tienda.,,,,
INFO,,Alfombras de baño,"Justo después del área de muebles, en el lado derecho.",,,,
